tile,idx,ra,dec,fwhm,xc_centroid,yc_centroid,ellipticity_centroid,elongation_centroid,orientation_centroid,xc_asymmetry,yc_asymmetry,ellipticity_asymmetry,elongation_asymmetry,orientation_asymmetry,flux_circ,flux_ellip,rpetro_circ,rpetro_ellip,rmax_circ,rmax_ellip,rhalf_circ,rhalf_ellip,r20,r50,r80,gini,m20,gini_m20_bulge,gini_m20_merger,sn_per_pixel,concentration,asymmetry,smoothness,substructure,multimode,intensity,deviation,rms_asymmetry2,outer_asymmetry,shape_asymmetry,aiso_22.0,aiso_22.5,aiso_23.0,aiso_23.5,aiso_24.0,aiso_24.5,aiso_25.0,aiso_25.5,aiso_26.0,sersic_amplitude,sersic_rhalf,sersic_n,sersic_xc,sersic_yc,sersic_ellip,sersic_theta,sersic_chi2_dof,sersic_aic,sersic_bic,sky_mean,sky_median,sky_sigma,xmin_stamp,ymin_stamp,xmax_stamp,ymax_stamp,nx_stamp,ny_stamp,flag,flag_sersic
000.227,1,0.1006451,23.2756548,0.54,34.20979149767655,34.111193868216084,0.20871647489576173,1.26376951910918,-0.6489400739261107,33.033301473868335,34.9590385696349,0.22385505998278632,1.2884191449831799,-0.646603902807478,41713.13956378323,41840.33913986743,13.275830575392249,14.954309543431739,31.856111165765917,31.932173425367502,6.633411426232007,7.513888523958675,3.0634386154512345,6.372452021231962,10.641303244628869,0.4856314117564922,-1.5697793721896875,-0.46826740687791,-0.06442423509543932,1103.0334,2.7039281849074595,0.21778395868942838,0.12822201552357285,0.057950843403903905,0.004784688995215311,0.16959461631997802,0.1804092280197472,0.1139527347222353,0.1904246969137317,0.377397628278562,0.33695652173913043,0.2743682310469314,0.20418848167539266,0.2376237623762376,0.18795888399412627,0.20305676855895197,0.31260229132569556,0.370138017565872,0.3901673640167364,78.72357880570956,7.5570977851007,1.4667711488920832,32.56005632371558,34.73887641969608,0.31378760247412263,2.365927719576768,15383.44816416478,45493.45651001235,45538.67049183213,-0.7429266,-0.6380031,4.0901537,0,0,69,69,70,70,0,0
000.227,11,0.0679609,23.2749097,0.54,24.158647051506726,24.319662590625967,0.34194026796839505,1.5196188906936074,-0.7452068547168293,23.498709323072163,24.47717058466442,0.34497850091512294,1.526667447399953,-0.7174371441831044,1628.526635121892,1596.0283642442414,7.305541355067025,9.022581520258706,8.50095159846367,9.729769491418887,3.874342682560531,4.594235958473425,2.137774717675532,4.015129104716009,6.048041055444294,0.4212177524079926,-1.2988903809246866,-0.9748410915996288,-0.0905401880646188,161.8909,2.2582639699761784,0.024634482266976808,4.009533605866882e-16,0.5923403005802762,0.15384615384615385,0.03886120263371553,0.03150624074072362,0.08360872450784727,0.07326666728727214,0.3131335904785304,nan,nan,nan,nan,nan,0.41975308641975306,0.5230769230769231,0.49142857142857144,0.6122448979591837,15.997585943003603,4.684795632781319,0.5699000238888879,23.470371895918785,23.68470732184539,0.5261445954438064,2.4455802035232432,3874.041185016448,15316.571834063518,15355.243762647515,0.24563481,0.4033373,3.7490873,1,0,48,47,48,48,0,0
000.227,32,0.0353148,23.2758246,0.54,19.793397753632103,18.60857383423905,0.388030583619283,1.6340685877966854,1.4270579227667637,19.9314077418489,19.015774117673544,0.3920933026532406,1.644989279382103,1.4227946752203113,1319.894852772243,1298.6951470754007,6.247096150006373,7.963520616986383,7.9845205139626225,8.824060208988891,3.0419935053715474,3.8960477189334473,1.6528523669514945,3.1686815421056345,4.865487652422778,0.45998221722546456,-1.596559466042037,-0.5766723147668182,-0.09353937072663324,196.12996,2.3444615534919597,-0.07050933938584171,8.891299483345762e-17,0.0,0.03333333333333333,0.1232266291322864,0.17228086309115845,-0.061814928506005555,-0.03676351823809093,0.22635179822518592,nan,nan,nan,nan,nan,0.32786885245901637,0.10416666666666667,0.1652892561983471,0.5375,18.320025999783745,2.822946510794128,1.1618647127882575,19.29296291983058,18.054385708055154,0.23639075080975058,1.239526798302343,4663.7965438238525,13176.769415356424,13214.232014439829,-0.5370478,-0.5630801,4.1705527,0,0,39,39,40,40,0,0
000.227,44,0.0738317,23.2782031,0.54,39.60373927297112,41.13292017690441,0.402797780453339,1.6744746875842234,-1.5107457783991616,39.292948076286805,41.24999999999938,0.4001761357728293,1.6671560763732316,-1.5083831396380338,2306.638759910214,2320.2648370501697,13.937486004491708,15.739397741133978,13.753120321418596,14.64774167379714,6.611656071949835,7.74369959083042,3.6149188917361648,7.142973239915493,11.973242722379693,0.41617788883835494,-1.4167940341372263,-0.9180811845930452,-0.11191826079510309,95.38018,2.6005661460235374,-0.006495222428712812,6.853055419117691,0.0,0.13861386138613863,0.1927830389802691,0.20174866457269028,-0.046273078766392015,-0.0196365698501761,0.43898350234991923,nan,nan,nan,nan,nan,0.30303030303030304,0.22807017543859648,0.26519337016574585,0.2504970178926441,4.59874394371739,8.451713366505917,1.0099371921643934,39.08269139145368,40.02189170709177,0.3561279158723578,1.6926077255073748,3901.5222993882935,35729.60174762893,35774.19882239759,-0.15394852,-0.083676144,3.6423237,7,8,72,73,66,66,0,0
000.227,50,0.0835713,23.2767935,0.54,21.238017299415368,20.89709268519682,0.2545204666955937,1.341418449903525,1.2418096482043388,21.75000001272803,21.74999912495416,0.2871249360851057,1.4027703459120906,1.2020401504166167,1024.252700489183,1048.6006833884308,9.063899913441908,9.867538092231737,8.609587309182796,10.370837032180175,3.9461956483963476,4.529071078212481,2.145992345501597,4.09449625689088,6.92495307718158,0.4367626741479267,-1.47332463902158,-0.7770107881258079,-0.09939707741755224,95.77548,2.543943332262603,-0.021970777259388525,-101.4825284830054,0.0,0.23529411764705882,0.23421975380183788,0.12711724724067455,0.02096721781628365,-0.017848139091251426,0.5011053785194495,nan,nan,nan,nan,nan,0.4,0.3132530120481928,0.5174825174825175,0.38565022421524664,8.402037181133485,4.1093075277448765,0.8802335210369108,21.114941208870054,20.793609614129753,0.3336209565319857,1.2337083459788758,3586.5697244215658,15803.943701139913,15842.900628113206,0.0065656155,0.080397606,3.5306437,0,0,43,43,44,44,1,0
000.227,53,0.0075977,23.2764785,0.54,28.67705785786969,29.87107168888307,0.04420296024039938,1.0462472244646386,1.220657581680387,29.2499999999978,29.110506973683016,0.04329884427426334,1.0452584843397807,-1.4822380458071798,1067.9198577776804,1083.6953162959255,8.568335433620193,8.744086897187046,8.463609389407349,8.81090118389417,3.9245944189463366,4.031559101409878,2.177937294588185,4.2712419224656255,7.280376656935301,0.439134918536962,-1.5267552417097636,-0.7282407707371723,-0.10447540924606474,111.92971,2.6205423838609203,-0.05808800646978382,1.8405861458124886,0.0,0.14814814814814814,0.16989572752009877,0.09626429591338327,-0.06188158130383639,0.026912419241362853,0.2047897292837783,nan,nan,nan,nan,nan,0.52,0.25263157894736843,0.18791946308724833,0.3490566037735849,12.756811716109633,5.036650045667802,0.7020257214077863,28.392223089103563,28.813436610679904,0.6736327920762087,3.0174292047484674,3873.3700441705478,20901.28536966405,20942.134424390737,-0.4661473,-0.49782717,3.6471996,2,9,55,59,54,51,1,0
000.227,69,0.0221107,23.2826705,0.54,35.90822545779118,44.51978276189228,0.7357340405094129,3.784066634717738,0.5447643612829592,29.74999887803915,39.74999940443861,0.7430058036814615,3.8911384549732113,0.552842283585026,68019.23899169524,70169.82804610036,49.74876065587986,68.5122922800352,61.401344901057506,113.8634230169051,30.182498110491068,35.74929237675152,21.73820018092181,30.20075234439459,36.44350049648763,0.658023979004445,-0.6080055674994221,-0.2814334456508978,0.23993096533198094,320.26898,1.1219825086458983,0.34824227341291253,-1.3624222108856743,0.4095329766767612,0.5864465682015638,0.5164507546067202,0.9068830616812446,0.3472099945913217,0.39167264782443206,0.8095237352557237,0.726890756302521,0.7883720930232558,0.8197674418604651,0.82015065913371,0.8316326530612245,0.840472027972028,0.7785904255319149,0.7008121561435683,0.6115810019518543,42.11751537428843,49.1869918911012,0.1,16.85354999358862,33.336616250698384,0.873219314669288,0.5327597751966792,72303.10390786229,144384.98075252338,144437.237800862,0.13737434,-0.0040149093,3.9630682,0,0,113,113,114,114,0,1
000.227,91,0.2278213,23.2788399,0.54,25.60032292478031,24.410935026197652,0.4978916148937489,1.991601872548673,0.1254001244526952,24.74999873904796,24.749999714476402,0.4969600221275363,1.9879135734486915,0.10880742373337209,724.309756388222,697.6442513696388,9.52452872167778,15.031228472815421,7.850158698395993,15.380628520645027,4.224681367726923,7.463403451003962,2.529719907750874,4.729239111397625,7.368911026339048,0.4083705161794336,-0.7959623533249072,-1.3869640340576428,-0.03335195609452285,64.52762,2.321654371655895,-0.06848840487020404,2.7334364375544373,0.0,0.4444444444444444,0.13999998868176539,0.12079284167774698,-0.8892680272015538,-0.13158114346452562,0.5591218141258906,nan,nan,nan,nan,nan,nan,0.07142857142857142,0.14705882352941177,0.4827586206896552,4.471875651478594,5.070386685477649,0.6556744336618515,24.208268794819304,23.71511110013386,0.301559353449513,0.7304301036960756,3453.266249060652,19804.38409474294,19844.953620497283,-0.6392417,-0.4171586,3.563144,1,0,49,49,49,50,1,0
000.227,103,0.0244538,23.2797257,0.54,6.353849454860943,30.408233257332146,0.772146183122816,4.388778795568794,1.1003498262036058,6.749998874634695,33.74999982265567,0.7653237380375733,4.261189400400909,1.116261069596664,115896.49520681602,114862.55960424234,18.086674981436044,33.33784041704677,40.664789117340625,119.37665146958997,13.35484413534674,15.081199666371466,11.620221718933653,13.19838620319879,15.527879066832277,0.7846038210921399,-1.105697669337051,0.6900373992566688,0.2960658068433683,2315.8872,0.6294886269401438,1.5419943301371046,0.23005965180055438,0.5404680022195629,0.0,0.0,0.26319086528225377,1.8862187364666183,1.0837884817587706,0.5807039401979834,0.8445378151260504,0.820855614973262,0.7354014598540146,0.6197991391678622,0.5341830822711472,0.5454545454545454,0.5837070254110612,0.625385089340727,0.6189231573444851,675.8930504068331,22.071705097851645,4.559536468308425,0.8562172690188187,19.758676198020574,0.9849554753325551,1.0928514373103813,6167492.448538275,63718.81581051613,63763.00419269585,-0.42270988,-0.3677854,3.1526725,0,0,63,63,64,64,1,2
000.227,112,0.1445799,23.2791279,0.54,26.943944908606262,27.34303089465047,0.2947528981301425,1.4179427286530482,-0.2667658916421951,26.814713829100267,27.250000000060645,0.2937115658289242,1.415852152773299,-0.2632271180914228,904.4952363537045,952.1539425434183,6.398997573176501,12.946913244924692,6.76342880908443,7.543769346418058,3.0331944239112687,3.5737931786080313,1.991264712299167,4.113385047448751,7.714188506022134,0.5252691996905828,-1.3443840141139862,-0.42825933975062247,0.006147129731832901,72.69058,2.940806248138252,-0.14921259537716847,3.7888320188378256e-16,0.2948100782887923,0.5,0.28472292218656636,0.26046670608966344,-0.2873944440430247,-0.1371721815148484,0.24995115491501516,nan,nan,nan,nan,nan,nan,0.13793103448275862,0.2909090909090909,0.5971563981042654,2.991890633835341,6.536382580170637,2.073529560936109,26.80781548804496,26.55946261121525,0.41992677249072513,2.414203041412553,3566.975957531157,18271.75320810883,18311.73091687171,-0.05251676,-0.09280721,3.705636,4,4,51,51,48,48,1,0
000.227,113,0.1442216,23.2789192,0.54,17.29048265727125,23.77240028788334,0.24835845284615732,1.3304214007149933,-0.4289534972641141,17.749999999937465,24.17298783047046,0.2393789601446551,1.3147151440751366,-0.4122444462090157,1080.845573478377,1067.0194606722443,11.633687331625358,14.35453232832787,8.925838625148074,9.541685595894986,4.86976590234424,5.138756291496829,3.2154034104333826,5.3773788976864205,8.411206786636592,0.4586434333531693,-1.0402515588960914,-0.9688206745868206,-0.01753796766691912,78.1494,2.0881142101186634,-0.0008604651159944641,-9.748469693472265,0.0,0.9032258064516129,0.8990317488785009,0.37539851992808176,-0.3330858094094089,-0.006287856662680991,0.42065084071234965,nan,nan,nan,nan,nan,0.35294117647058826,0.18947368421052632,0.4533333333333333,0.4194528875379939,10.240838371881223,6.927939513196418,0.1879658380002576,17.38163929887179,23.92948428242928,0.6710587556688501,2.5978165866974736,3897.7114655312735,15981.043150248903,16020.00732735231,0.09920907,0.23817721,3.8306127,0,0,41,45,42,46,1,0
000.227,119,0.1347819,23.2791275,0.54,30.519308286261854,30.80199290923669,0.6146060840261101,2.5947477595047164,-0.5386687048945824,29.516894825339755,30.919511779703406,0.611294968784361,2.572644858422832,-0.4900464883288995,636.5956475752882,476.4751744774261,8.019718254911446,13.957147721430784,7.499832602827413,11.074942125338055,3.7896863099845604,5.133695544568946,1.7546920397881394,3.8822404602782767,6.278402390962192,0.4150463529531731,-1.1347658956091977,-1.119127787224619,-0.07383657006603711,82.737595,2.7682412042776736,0.08182998664990099,5.6385847426747535,0.0,0.5,0.46480246102006884,0.3106408886581502,0.35252106945659173,0.017450708835115687,0.5441932501471995,nan,nan,nan,nan,nan,nan,0.9333333333333333,0.38961038961038963,0.18666666666666668,14.88515082250757,5.295281107586639,1.4651244337558817,30.033736949064256,30.23932655241691,0.8961935170354839,2.6494160683736716,4824.4328116026945,19446.469147379485,19486.629407924327,-0.32045826,-0.44505298,3.8671958,6,7,53,54,48,48,1,0
000.227,125,0.0807153,23.2792548,0.54,25.318948782206352,24.536867648031812,0.1321771753282952,1.1523089409157883,-1.4157781815769352,24.75000000064274,23.969325035683944,0.15682372700840752,1.1859916271742281,1.147413592585628,572.5492970597056,587.2411415749525,8.63346109432442,9.729844640080294,3.2783365809088725,3.3556302194796594,1.976126740121812,2.0397277001808676,1.8522817627916894,3.879025513329645,7.621049934065086,0.4761389629010617,-0.8198509907125947,-1.0349553970759162,0.030418285563000413,63.93677,3.0715387820956797,0.14621046991542627,-5.539962300697632,0.0,0.0,0.4273776937783258,0.2997518245123948,0.5051041465018251,0.1416715099607009,0.40104037505676676,nan,nan,nan,nan,nan,nan,nan,0.8214285714285714,0.8403361344537815,90.87932813434405,3.232442287579366,6.0,24.595568022733065,21.337120774021038,0.9704902984831473,1.4308481978147165,3794.1635147268876,18327.219343542165,18367.165633939916,0.16863705,0.10680586,3.0202746,1,1,48,48,48,48,1,1
000.227,140,0.1188293,23.2816373,0.54,18.715333448036134,19.184963326337794,0.07696804221615572,1.0833861076716698,-1.2885159885775581,18.250000418414345,19.249998211098056,0.07086791809578152,1.0762732441124416,-1.2415927696765732,5416.379566889485,5421.144848339854,8.552278160086837,8.86411658300645,9.905806282281137,10.64471849991755,4.200836449673407,4.378438598762999,2.4254284286117147,4.301389689305709,6.639825480501671,0.43483031051690585,-1.496068925494078,-0.7708141975739204,-0.10447157323194006,367.76843,2.1868410048619333,-0.009004596668362485,13.025180682391996,0.0,0.027777777777777776,0.006609488371260678,0.04331416276192063,0.018239760286074214,-0.02254183280286313,0.21153978171049287,nan,nan,0.14285714285714285,0.15384615384615385,0.14285714285714285,0.25742574257425743,0.15942028985507245,0.24641833810888253,0.22624434389140272,40.46465380264014,4.010580786900616,0.548418830735744,18.155257204653708,18.476461816894037,0.12287791707710828,1.5833980338679978,4431.083030100831,13432.827128918261,13470.467064908098,-0.0100842565,0.5072433,4.087532,0,0,39,39,40,40,0,0
000.227,156,0.0039515,23.2844895,0.54,53.62323764670128,57.587793349860405,0.25593234517966146,1.343963809636986,-0.4455155702787896,56.738218907049074,56.74999997754794,0.30382621120043485,1.4364229393415286,-0.39901594150492925,16504.748472726205,16461.39754072767,20.389645352389262,25.080457946132938,28.230679913369453,29.742236643788324,8.539975297359392,10.192509702419361,3.6854105317815304,8.576772329947504,16.00023229335232,0.5792302567302761,-1.5190844583827958,-0.040084699525855694,0.03528521444776461,245.94206,3.1882020762617316,0.07158662691215043,-18.776741663169982,0.031826339138970886,0.03557312252964427,0.25831052543144384,0.20925385494422508,0.033808997483055776,0.10881546028399623,0.3175795031325928,nan,0.3492063492063492,0.21176470588235294,0.13333333333333333,0.05774278215223097,0.1625441696113074,0.2619974059662776,0.2950152594099695,0.2857142857142857,14.303611900221314,11.638257144247548,1.8820338275906847,56.00239037165962,55.997879934850374,0.3729231958155134,2.0210504671958107,5233.905035009204,105330.8271578148,105382.74863960432,0.015872456,0.10189852,3.4361787,0,0,109,113,110,114,0,0
000.227,183,0.1569874,23.2822679,0.54,24.543048801358367,24.088712451651865,0.38603744245976046,1.6287638190940648,-1.3875575041567079,23.750001494461138,23.25000027453354,0.3137913230234525,1.457282651111357,1.5071861660093595,553.5211318676483,523.5795167901193,8.375344148699265,12.421802336634538,8.838836283097796,12.737988981339512,4.811155555204807,5.160290325072239,2.231304195779713,4.612923814103206,6.456944503001,0.432452797537576,-0.8174196204597595,-1.2528868552103853,-0.012493057681706332,61.042347,2.307341357994479,-0.17995632708340234,3.048670875574291,0.0,1.0,0.3728186704011399,0.2881369895360374,-3.2365582964277455,-0.20360076519554354,0.6793583894791727,nan,nan,nan,nan,nan,nan,nan,0.6301369863013698,0.4954128440366973,3.4204423053661412,4.571972107515409,0.8956349016921893,24.010789313183302,23.679765393524935,0.3283594732568179,2.4973728179632944,3685.389440883856,18927.740278743724,18967.937092896434,-0.6444426,-0.87222487,3.6718092,1,0,48,47,48,48,1,0
000.227,187,0.208904,23.2839643,0.54,25.303109369227926,25.02027432747927,0.27029546596370835,1.370417687373538,0.058982906835955404,25.250000201172277,25.249999928681106,0.2679335072710528,1.3659961355043975,0.05769937796628194,2618.2333233509944,2702.5231493178435,12.698752368546552,13.559180085566464,12.374368578944376,14.553010006147868,4.313705771354796,4.950226053371756,2.053514018736106,4.64039966865131,9.364790210106616,0.5436448434256573,-2.0295066065375926,0.13749005328755537,-0.07089302331732472,120.55995,3.29500190380568,-0.08208713580881703,1.9696531138803168,0.0,0.08064516129032258,0.0812928994370517,0.02919760406002015,-0.05147608208873174,-0.07146541999778298,0.4266313093101341,nan,nan,nan,nan,0.0,0.14432989690721648,0.2198952879581152,0.3170731707317073,0.25,9.943349968687368,5.059322203205393,4.442637720062588,24.93883196701923,24.533763581567733,0.44017802489570357,0.1269280947101581,3280.8761443480753,20238.558769169114,20279.32429068496,-0.589283,-0.28349835,3.5255806,0,0,50,48,51,49,0,0
000.227,193,0.0031996,23.2840973,0.54,21.60122580839704,40.918078244433765,0.4398022660065303,1.785083978957432,-0.4432802559030626,20.74999953768247,41.25000079541459,0.4419853954503852,1.7920677915000462,-0.4424581687888766,19186.851734017888,19478.674821226297,21.46561046706605,25.829778930478668,30.888914482592195,36.38724977531144,10.161842755461892,13.269893919830102,4.157346231405328,10.166583086576702,16.47988164079009,0.5134316815484359,-1.4998960156589147,-0.37908523748361445,-0.02718818144363766,280.74112,2.990689466994655,0.11742909376167535,0.8628758186129729,0.0858099264756979,0.37404580152671757,0.39023133917420794,0.07323333668601664,0.10838333196203233,0.19453235713871467,0.21284095871440611,nan,0.3225806451612903,0.5849056603773585,0.29280397022332505,0.15047021943573669,0.14029180695847362,0.1673894189071986,0.18324982104509663,0.21290711700844392,9.963211945427819,16.24485113724471,2.1110285433483558,20.00336312440426,40.99740007192425,0.43119431186669643,2.335484962389859,10096.198644365613,45184.57486991263,45230.053803301314,-0.4232024,-0.41194254,3.350369,0,0,69,69,70,70,0,0
000.227,194,0.2315023,23.2825011,0.54,56.005078637096844,56.37463909366536,0.5976736477899953,2.4855443708992344,-0.8492683211623664,57.59741251534048,56.57031744783756,0.39955716184837187,1.6654374679167594,-0.406023798265704,498.61909329289864,431.7094098915461,7.222677471761939,12.515001773700313,8.020424471990887,11.806200363865555,3.92958961869111,6.157513277003233,2.510649663642536,5.212681514753533,8.644371140110064,0.3962896413169551,-0.6279428607908931,-1.5632018729529835,-0.021957312746148594,55.269646,2.6847364465459407,-0.050623353067907106,7.759574887639506e-16,0.2422781477562812,0.7142857142857143,0.9232161104967428,0.5847173072280516,-1.2074389604726665,-0.16243197964965653,1.5097675790455856,nan,nan,nan,nan,nan,nan,nan,1.11864406779661,0.7878787878787878,2.5729448533014447,10.041622499346035,0.9440228677858215,56.304937412688105,54.46079460797394,0.7984086348564416,2.110417496554169,2715.266422585026,17725.781290537438,17765.784032854044,-0.43393692,-0.44985402,3.2020526,32,33,79,80,48,48,1,0
000.227,219,0.173485,23.2853094,0.54,40.84289421202149,41.473758761466286,0.5262836571578404,2.1109679138369857,1.4922629379538759,40.750000000084896,41.16264467094392,0.5271232132669605,2.114715773867212,1.4910314319682447,1585.2234704284874,1721.9976418957563,10.966531154393637,14.389015983328497,12.152591542004501,15.948086421474454,5.433988866849139,7.506040702984186,3.0259830802464345,5.634159950255519,8.905090633513483,0.4073529275189257,-1.0138272315783485,-1.241020737297522,-0.064642586945654,98.832375,2.3438592430416665,-0.06079219106043324,-7.596756054235891,0.0,1.0,0.123387719880307,0.1871539026183923,-0.31425535789987036,-0.04215128725025202,0.25609878845788736,nan,nan,nan,nan,nan,0.19753086419753085,0.13414634146341464,0.056,0.09392265193370165,7.98546444394617,7.48951468218828,0.46773101966179975,40.402553188837516,40.42508984105403,0.5762697268011712,1.5216478139158318,3160.81413527551,17332.946138814972,17372.658700662825,0.072226405,-0.08633274,3.423961,16,17,65,66,50,50,0,0
000.227,225,0.1029452,23.2855093,0.54,44.34807014963859,44.8740678891633,0.5600260188876938,2.2728616757561024,1.0032162043342283,45.24999959332472,45.25000090980011,0.5502395105061852,2.2234056200122314,0.9748135527726384,1280.763145479406,1484.3368174481388,9.005518356576177,14.343073643236256,9.572095145563,13.414190815729283,4.411862982900398,6.845492015453317,2.618632234654095,5.0213184898378085,8.226646067779498,0.4192658503836127,-1.2871235991735732,-0.992657386373831,-0.09083698840535018,95.839874,2.4857415179046143,0.06886359536907541,0.04971581112118807,0.0,0.75,0.10813293690871438,0.08275049819190072,0.5176774257554341,0.12161612239891602,0.44741865479312914,nan,nan,nan,nan,nan,0.2564102564102564,0.41935483870967744,0.37185929648241206,0.5145631067961165,2.9253056921539686,10.749320152210146,1.7373561051226223,43.818700905954174,44.04379607249304,0.6697389975733885,0.9637362650263446,4377.455654441431,19324.238984137708,19364.43579829042,1.0222508,0.7468842,3.611367,21,20,68,67,48,48,1,0
000.227,237,0.0127849,23.2844506,0.54,23.44163061417653,23.0279800987059,0.296704048240652,1.4218765194061254,0.9266000611736133,23.457681599847106,23.541009563939767,0.30193458775772153,1.4325305085491455,1.024544036623948,329.24847904238766,348.05417089572796,6.017185482382861,7.059134237547836,4.564015809200384,4.990481215937137,2.1823039106901665,2.467342593550861,1.3328185099487324,2.5907075860709026,4.447679168376526,0.4435028566295758,-0.9824367721718784,-1.0838321765684884,-0.024490883268611097,73.79186,2.6168121826441326,-0.12521944064212825,6.865123849731255e-16,0.0,0.5,0.15230051556934956,0.12912906088742737,-0.2849315300052346,0.07962699372017384,0.6812539055964094,nan,nan,nan,nan,nan,nan,nan,nan,0.9230769230769231,11.60627854700605,2.6472397708255877,6.0,22.75340113456515,22.404635566517765,0.7647159379817772,0.9203106421068895,3882.613998644233,18634.63997627017,18674.683208132366,0.2854751,0.47656256,3.2782233,0,0,47,46,48,47,1,1
000.227,255,0.2509109,23.2851171,0.54,23.6477458436221,23.8900014758248,0.40981146187422524,1.6943738066747926,-1.0887272641757881,23.25000112382481,24.2499998213519,0.4194624387094683,1.7225414282876128,-1.0609578925363032,370.24245364774475,395.0826952569271,7.304605322278752,7.689563769412509,7.11512361273154,9.789022621673082,3.36535219527688,4.009917860064,2.0093509829962843,3.4093903999997934,5.663162040610212,0.38714187549761586,-0.9003811912434703,-1.4196835507550767,-0.06888252884020268,73.28709,2.2500159231767505,-0.004135935535624676,8.737422616365529e-16,0.27941135269607104,1.0,0.7442285671576351,2.371693440969987,0.6435617734104278,-0.018480741331524973,0.6906512892816917,nan,nan,nan,nan,nan,nan,nan,0.5573770491803278,0.5736434108527132,9.91698495519297,4.114692907464104,0.1,22.939047544270576,23.26969876641409,0.6563703771536067,2.1231841912603304,3184.520132861333,18591.184423746854,18631.381237899564,-0.17073204,-0.19085196,3.2390676,0,0,47,47,48,48,1,1
000.227,284,0.0288689,23.2896417,0.54,31.089515301165232,30.391609915587363,0.1306442928142616,1.1502771440210369,0.6031660563883475,31.249999970949446,29.75000135303012,0.12538330606321113,1.1433580069216847,0.6197055754634154,19262.143258532036,19278.425764549254,14.081603559442247,15.052250453804731,19.827379176323202,20.97287521634347,6.877469442487206,7.332194471284292,3.1010077740961997,6.903184454511942,10.998841159159847,0.4650140123691559,-1.875544385866572,-0.3584283793671439,-0.1273367973899892,494.82504,2.749220375946613,0.04157962674592502,0.32443943710147916,0.0,0.07853403141361257,0.08676227812161008,0.02847762729096003,0.030145520018869623,0.03698590305837153,0.28429813904514456,0.22857142857142856,0.3464566929133858,0.08661417322834646,0.11917098445595854,0.25239005736137665,0.2932098765432099,0.24433249370277077,0.18122977346278318,0.1956124314442413,21.971201823477184,8.962825231080245,2.2654278409892274,30.27981824177911,29.301837503279454,0.23702942229795923,0.27473049189454307,8488.711429720932,36744.79997301393,36788.964264707734,-0.7460768,-0.7909275,4.3031654,0,0,63,63,64,64,0,0
000.227,348,0.138402,23.2898936,0.54,25.456215634775152,24.616989681745594,0.27264858393775915,1.3748512451021724,-0.24133388243011017,25.37833068556546,24.249999283625673,0.2659446019772158,1.3622950021123081,-0.2420188209345768,1733.877012437892,1754.6666520805325,9.234248132809963,10.388401823830662,9.631143851186337,10.82366926101286,4.737774163995869,5.262795262084314,2.5520344891524145,4.8349962456347475,7.2189802445492814,0.40155205814039624,-1.4296923572105937,-0.9815405086580973,-0.1281907000932803,127.356,2.257946570089146,-0.0255594979386791,1.5990011119583631,0.0,0.06666666666666667,0.21270098698367332,0.10645065800544055,-0.04029307175091096,-0.013296791266099433,0.3715420791016886,nan,nan,nan,nan,0.30303030303030304,0.3076923076923077,0.2,0.22033898305084745,0.19480519480519481,10.39966548455584,5.069086609104438,0.6527853554907678,25.069295090964054,23.641587413203016,0.30373477476937255,2.85158992798819,3228.082949030866,17919.559065779704,17959.48643724702,-0.29300603,-0.11273572,3.336703,1,1,48,48,48,48,0,0
000.227,360,0.2459006,23.2902363,0.54,18.864283969257276,18.719898413845744,0.07742078137137887,1.0839177599149283,0.10066595766738337,18.44069798523979,19.749999999917186,0.04054155423442496,1.0422546222958888,-0.4623157585638988,1369.0107598259378,1369.9283881845195,8.794517392969137,8.983738560015754,5.93558176015539,6.166848719703055,3.5495521902358553,3.6619164270147055,2.517303906798319,4.340488103950295,6.5260343609515665,0.43879502036535056,-1.3579171156334024,-0.8469280880575667,-0.08134340891134592,109.02192,2.068568531418426,-0.05456834340141779,-1.213840121227136,0.0,0.75,0.0,0.1161173557261045,-0.1646478951741712,-0.04582555265634686,0.5074092337933341,nan,nan,nan,nan,nan,0.4691358024691358,0.2896551724137931,0.18181818181818182,0.366412213740458,11.043458568228505,4.024593476098436,0.4669153406615862,18.162892862460154,18.108390939723574,0.11276320017710112,0.1422416919488129,3876.5515840579783,13227.306675386517,13264.950987744112,0.33596784,1.2363216,4.037614,0,0,39,39,40,40,1,0
000.227,362,0.0089371,23.2919831,0.54,20.95193813888061,20.836567239576368,0.06770785953197334,1.0726251532035687,1.4675564025898737,20.501712271429568,20.99722516714966,0.06163844705053656,1.0656873108843754,1.4923367928302544,4950.264880720288,4938.139161609146,10.809350237084498,11.156533815479744,11.888080896307207,12.050336186838468,4.807295952420828,4.978170088927937,2.390603635915399,4.913758809778384,8.260576274952733,0.49599558870993715,-1.7485320748433641,-0.29308910801935983,-0.07901032558038987,229.93729,2.6925138498315713,0.1065556867987457,-0.19162253911106986,0.0,0.030303030303030304,0.040636423657068585,0.01893811213966369,0.022662969639888793,0.10709655060786792,0.23663644052650992,nan,nan,nan,0.32432432432432434,0.3013698630136986,0.26382978723404255,0.1519756838905775,0.1111111111111111,0.1556420233463035,20.17823718633606,5.146764407698219,1.4290439688326855,20.231894482464693,20.26554421262528,0.30258475448865,2.6970248867104303,4574.873566063335,16307.385917754324,16346.357337486415,0.5768928,0.57048833,3.5700634,0,0,43,43,44,44,0,0
000.227,363,0.2005781,23.2903605,0.54,18.738042028503006,18.852163424822216,0.2267807508816997,1.293294238523287,-0.02272726047092588,18.749999999999794,19.009594253439108,0.22534931056660157,1.290904421361102,-0.022432373022590237,1912.198965033017,1867.979291904416,7.427078017853722,9.598120422620662,10.750004281380292,11.305324236901347,3.8744128263808255,4.429667543519503,2.1445594523138096,3.8758953584397564,5.785389619929933,0.45403780782177994,-1.5945605572172956,-0.607482385130603,-0.09914648770964196,156.75243,2.154972608133249,0.11932665609237529,8.914844137859815e-17,0.0,0.125,0.03503055653110903,0.05861333711526375,0.10381037089647926,0.11335999931272803,0.21062966476500114,nan,nan,nan,nan,0.0,0.0851063829787234,0.136986301369863,0.1941747572815534,0.3111111111111111,18.90529863245202,3.9184810438185966,0.51728023549164,18.034405697041784,18.24354002763198,0.2630372434581616,0.007148945315821947,3255.4199619616566,12939.819063519608,12977.458999509445,-0.45148382,-0.60527945,3.2542102,0,0,39,39,40,40,0,0
000.227,375,0.0201914,23.2908058,0.54,19.692118939403887,20.148107854266733,0.20973593444796212,1.2653998120254288,0.43789504534304,19.75000034610187,19.25000115801315,0.16851187203297702,1.202662992248592,0.5397981053236486,949.2207204362444,979.7031256294432,8.345021979894396,8.980922557807325,7.786205984146626,8.377363966513304,3.8805568132875887,4.235585938303322,2.2096376046505704,4.216814531986541,6.531871174822536,0.43127048521068984,-1.5275499347508046,-0.7666189934247774,-0.11237166057177891,98.32561,2.3535827921405184,0.018874952967967103,2.8065236776893125,0.0,0.5,0.20344145286740936,0.05597108349750911,0.005941347322607645,-0.23922681537797486,0.429646659018998,nan,nan,nan,nan,nan,0.6666666666666666,0.1276595744680851,0.17721518987341772,0.12322274881516587,7.305452045796134,4.029849993814331,1.0623818638375455,19.198849101874867,19.734393950070736,0.2482750282838474,0.20970223410908434,3963.657631469305,14621.589403528533,14659.9167781845,-0.27456075,0.05283486,3.5494576,0,0,41,41,42,42,0,0
000.227,378,0.2074246,23.291249,0.54,21.8407906878973,22.2423188513522,0.36153142869109767,1.5662478075466342,-0.1218026014721014,21.58084836106134,22.507946732224774,0.3605628839874653,1.5638754381914817,-0.12930760630898303,3563.0234867794625,3549.2631616316794,8.915377778459963,10.888602227576774,11.518286656456457,14.082787562879233,3.9115774358045874,4.78962156623994,1.9569289330954394,3.9762448469427785,6.839170591029851,0.5022313890329253,-1.7923650369448483,-0.23184565368423993,-0.0789296649927379,244.25183,2.717141911326296,0.044037686615427694,-0.8653774232196332,0.00027344060848876297,0.023809523809523808,0.039349399177275125,0.02967411198036747,0.030837341402942753,0.05088020189065816,0.3694943736858206,nan,nan,nan,0.32,0.1782178217821782,0.24836601307189543,0.34285714285714286,0.2571428571428571,0.3425414364640884,27.4041709681209,4.447569620417958,1.4134627934748247,21.12994352622748,21.87132835470827,0.5053829909677866,2.9925477974747428,3617.424189132684,17287.116768192693,17326.694552456043,0.19574338,0.18850407,3.4908106,0,0,45,45,46,46,0,0
000.227,428,0.0438175,23.2934635,0.54,24.13983781949284,24.657372776914233,0.33697427725598816,1.508237110109966,1.0657465068449452,24.749999778814228,24.249998803236146,0.3129744695025116,1.4555499841117707,1.0709099530556938,1425.9986307133654,1462.1277690076508,7.285531850887519,11.903808100719498,12.434831261229341,12.774747001631733,4.455053602742218,4.98066537466069,2.079199327196992,4.214004281260108,7.296808296215427,0.487143622723813,-1.7334624412956847,-0.34734959569921564,-0.08567909284352532,116.20259,2.7261840526799257,0.07845746965585992,3.8072554422062213e-16,0.19277060189870948,0.09090909090909091,0.028760741152761497,0.07623284642575498,0.2024585502122274,0.10632300698253873,0.5853822385484301,nan,nan,nan,nan,nan,0.48,0.5384615384615384,0.45977011494252873,0.6386554621848739,7.870864252068385,5.279950840803548,1.63719623676621,23.74423113702139,23.60590405497199,0.5215970705990117,0.906037252087438,4550.025605428752,18419.422241269065,18459.25104195022,-0.18422285,-0.2966433,3.7756824,0,1,46,48,47,48,0,0
000.227,433,0.0139489,23.293195,0.54,18.722869604271374,19.31735904907348,0.17225299274810535,1.2080985992567732,-0.35687826471131817,18.749999851788743,19.250001186233725,0.17217234712051355,1.2079809082502082,-0.35778323182930144,1187.7099816300083,1236.8646142307937,9.716134623919215,10.355519660738185,9.545940602423324,9.91572423096295,4.039182088587806,4.336525648164353,2.372402417842064,4.081187435510395,6.605640593883531,0.4554441233272514,-1.3690613447313729,-0.756792077631264,-0.06640984482368195,108.87282,2.2236329125375325,0.05246890453779806,1.4418052708024918,0.0,0.5,0.031444764555148455,0.41514205910843416,-0.11170362531849798,0.009587164238506363,0.3517243889918507,nan,nan,nan,nan,nan,0.3050847457627119,0.3,0.03389830508474576,0.2702702702702703,11.40876160991027,3.99236764416384,0.5463159775369708,18.45823423813143,18.46629197876477,0.24364236662328723,2.773458064552883,4390.110946503215,13426.36028797445,13464.004600332046,-1.1192813,-1.0122564,4.099402,0,0,39,39,40,40,1,0
000.227,451,0.04238,23.2945766,0.54,64.08081387035149,62.33326605358869,0.3925280543533127,1.6461665549599085,0.6233952415890013,63.750000443904824,62.7499987072529,0.3712022425343189,1.5903364605344965,0.6213173367887627,1559.980498537745,1577.6355681165346,8.280097961043271,8.920707505223909,10.179636672107359,10.455318601800183,3.6542355972005307,4.313146160151748,2.152706198641877,3.807716085119401,5.9535004918856185,0.5017475788089496,-0.8173715174826219,-0.9099110232802428,0.05611546209077567,179.3518,2.2089381624553277,0.1543884289463109,-592.0769279110337,0.0,1.0,0.7731456433973819,0.3724376475781696,0.1739345527803062,0.1264334147428686,0.06741573033707865,nan,nan,nan,nan,0.7777777777777778,0.2153846153846154,0.14736842105263157,0.06666666666666667,0.3764705882352941,21.311364731578525,7.755575729409191,0.4975706738002879,59.96505047135052,60.27814594659841,0.7765228231714697,0.48605554647467064,4241.760116046508,18408.060940289437,18447.943967717052,0.00053203106,0.13937387,3.5642953,42,38,89,85,48,48,0,0
000.227,462,0.2334414,23.2936911,0.54,18.744131159254113,19.44925648389471,0.2536636040234218,1.3398783784241206,-0.3138723880426118,19.749999999999922,18.495754125116342,0.4192212170470483,1.7218259849568385,-0.6140292598184871,272.09546340768986,380.04283324182165,9.030750862606029,6.98054554412698,6.9540795689418475,11.966214668207632,3.115401503045284,4.66578511615711,1.9186594392244316,3.6750817646214164,6.518804725211284,0.4286322801595504,-0.7640580357062776,-1.3087779944657751,-0.008858109605217712,65.07094,2.6558503854182773,-0.10613747393259923,7.090124108792707,0.0,0.5,0.3747685330115673,0.15921131325689583,-1.6915517375418863,-0.1736465321419576,1.068912794563898,nan,nan,nan,nan,nan,nan,nan,1.255813953488372,1.1529411764705881,2.367190929613438,4.928885636475664,1.641120768043124,18.999943258446407,18.998934967451067,0.5338308276357117,1.2491020999877327,3249.0022248819364,12944.749795425285,12982.39410778288,-0.42571622,-0.5378238,3.5739346,0,0,39,39,40,40,1,0
000.227,518,0.0197724,23.2967574,0.54,20.123280314506875,20.441917461508822,0.22716080387247917,1.2939302315549184,0.8860698949401428,20.363834166200512,20.75000000000492,0.23328397785147925,1.3042638618634341,0.8869053629257748,848.0388151707523,856.1600871745624,8.646493656539375,10.39401934552761,8.605610590679685,8.64520769183858,4.117825244956749,4.550173665459063,2.397848732271876,4.2520879511849925,6.970129422013013,0.4445809310128232,-1.4359937385429928,-0.7641807306762312,-0.08646800795478105,84.87777,2.3170952996622893,-0.04426424627792534,-0.9546003510435442,0.0,0.42857142857142855,0.23241768920205522,0.20075658380729938,-0.0048297641347323055,-0.054113130355642275,0.5729269388064342,nan,nan,nan,nan,nan,nan,0.2564102564102564,0.12413793103448276,0.17142857142857143,5.525708736792212,4.315313051286064,1.0310512214603755,19.189276307432,19.412774176520685,0.19635364218407286,0.638761185167421,3946.980740612343,14605.871090152044,14644.19449542883,0.4447065,0.1453761,3.600313,0,0,41,41,42,42,1,0
